{
	"class_name" : "PinholeCameraParameters",
	"extrinsic" : 
	[
		1.0,
		-0.0,
		-0.0,
		0.0,
		0.0,
		-1.0,
		-0.0,
		0.0,
		0.0,
		-0.0,
		-1.0,
		0.0,
		0.023928887513299135,
		0.0063484841497296052,
		2.3423731472230687,
		1.0
	],
	"intrinsic" : 
	{
		"height" : 1001,
		"intrinsic_matrix" : 
		[
			866.89142918822313,
			0.0,
			0.0,
			0.0,
			866.89142918822313,
			0.0,
			959.5,
			500.0,
			1.0
		],
		"width" : 1920
	},
	"version_major" : 1,
	"version_minor" : 0
}