{
	"class_name" : "PinholeCameraParameters",
	"extrinsic" : 
	[
		0.81873458222104123,
		-0.56477497633708629,
		0.1034548692850208,
		0.0,
		-0.19900206705515947,
		-0.4481333434828873,
		-0.87153581898085075,
		0.0,
		0.53858319801411458,
		0.69296878180931942,
		-0.47929365346788905,
		0.0,
		0.022898912852465925,
		-0.007932776269576669,
		2.3773875549017722,
		1.0
	],
	"intrinsic" : 
	{
		"height" : 1055,
		"intrinsic_matrix" : 
		[
			913.65680099258282,
			0.0,
			0.0,
			0.0,
			913.65680099258282,
			0.0,
			959.5,
			527.0,
			1.0
		],
		"width" : 1920
	},
	"version_major" : 1,
	"version_minor" : 0
}